Date,Commits (24hr),Open PRs,Open Issues,Bugs: Needs Triage,Bugs: Accepted,RFC: Needs Discussion,RFC: In Progress,RFC: Accepted,Date (ISO)
"Wednesday, September 1, 2021",11,10,182,3,64,15,18,12,"2021-09-01T12:08:47.077Z"
"Thursday, September 2, 2021",18,8,180,3,54,36,0,12,"2021-09-02T12:08:52.332Z"
"Friday, September 3, 2021",2,12,184,3,54,36,0,12,"2021-09-03T12:04:19.934Z"
"Saturday, September 4, 2021",10,11,187,5,54,38,0,12,"2021-09-04T12:04:15.019Z"
"Sunday, September 5, 2021",3,12,189,5,55,38,0,12,"2021-09-05T12:03:54.954Z"
"Monday, September 6, 2021",12,9,191,9,55,38,0,12,"2021-09-06T12:09:12.018Z"
"Tuesday, September 7, 2021",4,10,193,9,57,38,0,12,"2021-09-07T12:08:47.872Z"
"Wednesday, September 8, 2021",5,12,193,4,59,38,0,12,"2021-09-08T12:04:19.734Z"
"Thursday, September 9, 2021",6,10,191,6,52,39,0,12,"2021-09-09T12:08:00.221Z"
"Friday, September 10, 2021",6,11,192,6,52,39,0,12,"2021-09-10T12:04:11.053Z"
"Saturday, September 11, 2021",3,10,194,6,52,42,0,12,"2021-09-11T12:04:32.665Z"
"Sunday, September 12, 2021",1,10,196,7,52,43,0,12,"2021-09-12T12:06:02.546Z"
"Monday, September 13, 2021",1,10,197,8,52,43,0,12,"2021-09-13T12:04:18.764Z"
"Tuesday, September 14, 2021",7,12,203,12,52,43,0,12,"2021-09-14T12:04:19.851Z"
"Wednesday, September 15, 2021",16,4,198,12,54,41,0,14,"2021-09-15T12:04:30.070Z"
"Thursday, September 16, 2021",4,4,199,14,54,41,0,13,"2021-09-16T12:04:24.503Z"
"Friday, September 17, 2021",7,5,200,13,54,41,0,13,"2021-09-17T12:04:19.016Z"
"Saturday, September 18, 2021",6,6,199,14,53,40,0,13,"2021-09-18T12:06:00.356Z"
"Sunday, September 19, 2021",1,11,203,14,53,40,0,13,"2021-09-19T12:05:20.023Z"
"Monday, September 20, 2021",1,13,207,16,53,40,0,13,"2021-09-20T12:04:24.153Z"
"Wednesday, September 22, 2021",2,13,209,18,53,41,0,13,"2021-09-22T12:04:19.326Z"
"Thursday, September 23, 2021",1,13,200,16,52,41,0,12,"2021-09-23T12:04:11.123Z"
"Friday, September 24, 2021",9,11,201,18,52,41,0,12,"2021-09-24T12:04:19.814Z"
"Saturday, September 25, 2021",10,8,200,19,52,41,0,12,"2021-09-25T12:06:40.028Z"
"Sunday, September 26, 2021",2,11,208,23,52,41,0,12,"2021-09-26T12:04:24.287Z"
"Monday, September 27, 2021",1,12,209,23,52,41,0,12,"2021-09-27T12:04:30.693Z"
"Tuesday, September 28, 2021",4,14,204,23,51,34,0,12,"2021-09-28T12:04:24.687Z"
"Wednesday, September 29, 2021",6,9,199,28,50,33,0,14,"2021-09-29T12:04:26.022Z"
"Thursday, September 30, 2021",6,6,199,29,50,34,0,14,"2021-09-30T12:09:03.652Z"
"Friday, October 1, 2021",6,8,196,18,53,34,0,14,"2021-10-01T12:04:38.052Z"
"Saturday, October 2, 2021",12,5,189,5,55,34,0,14,"2021-10-02T12:04:19.816Z"
"Sunday, October 3, 2021",3,6,192,7,55,34,0,14,"2021-10-03T12:04:54.477Z"
"Monday, October 4, 2021",1,6,194,8,55,34,0,14,"2021-10-04T12:04:13.062Z"
"Tuesday, October 5, 2021",1,10,199,6,56,35,0,14,"2021-10-05T12:04:14.593Z"
"Wednesday, October 6, 2021",4,8,198,10,56,30,0,16,"2021-10-06T12:04:29.234Z"
"Thursday, October 7, 2021",4,12,200,8,54,31,0,15,"2021-10-07T12:04:27.187Z"
"Friday, October 8, 2021",1,17,207,9,54,32,0,15,"2021-10-08T12:04:20.137Z"
"Saturday, October 9, 2021",1,19,214,11,54,33,0,15,"2021-10-09T12:04:34.628Z"
"Sunday, October 10, 2021",6,19,214,11,54,33,0,15,"2021-10-10T12:04:18.300Z"
"Monday, October 11, 2021",4,18,213,12,54,33,0,15,"2021-10-11T12:04:09.412Z"
"Tuesday, October 12, 2021",7,19,216,15,54,33,0,14,"2021-10-12T12:04:36.511Z"
"Wednesday, October 13, 2021",16,8,207,18,53,32,0,15,"2021-10-13T12:04:18.817Z"
"Thursday, October 14, 2021",7,8,209,20,53,32,0,15,"2021-10-14T12:04:13.724Z"
"Friday, October 15, 2021",8,4,207,22,53,32,0,15,"2021-10-15T12:04:07.332Z"
"Saturday, October 16, 2021",3,4,207,21,52,32,0,15,"2021-10-16T12:05:52.909Z"
"Sunday, October 17, 2021",1,9,212,21,52,32,0,15,"2021-10-17T12:04:46.586Z"
"Monday, October 18, 2021",2,15,219,21,52,33,0,15,"2021-10-18T12:08:37.973Z"
"Tuesday, October 19, 2021",16,7,212,22,52,33,0,15,"2021-10-19T12:05:25.066Z"
"Wednesday, October 20, 2021",3,10,218,25,52,33,0,15,"2021-10-20T12:04:28.406Z"
"Thursday, October 21, 2021",5,8,218,26,53,33,0,15,"2021-10-21T12:08:54.894Z"
"Friday, October 22, 2021",2,10,222,26,53,34,0,15,"2021-10-22T12:05:06.203Z"
"Saturday, October 23, 2021",7,6,220,28,53,35,0,14,"2021-10-23T12:05:00.758Z"
"Sunday, October 24, 2021",1,6,220,28,53,35,0,14,"2021-10-24T12:04:30.969Z"
"Monday, October 25, 2021",1,7,224,30,53,36,0,14,"2021-10-25T12:08:47.078Z"
"Tuesday, October 26, 2021",5,4,219,30,53,36,0,14,"2021-10-26T12:08:57.769Z"
